{
 "capture": {
  "MPPI": {
   "rate": 0.875,
   "dv": 2.498702697682403,
   "steps": 95.6,
   "n": 40
  },
  "Learned": {
   "rate": 0.975,
   "dv": 2.0505231805108934,
   "steps": 100.07692307692308,
   "n": 40
  },
  "PD": {
   "rate": 1,
   "dv": 4.103953137516547,
   "steps": 148.325,
   "n": 40
  }
 },
 "pose": {
  "PnP": {
   "rerr": 1.2720224434362764,
   "terr": 0.05238198001931776,
   "speed": 0.027991203295615337,
   "n": 30
  },
  "Centroid (naive)": {
   "rerr": 23.2209216629248,
   "terr": 0.11026831084276185,
   "speed": 0.41746884864456757,
   "n": 30
  }
 },
 "generated": "deterministic"
}